type,return,profit,hold_days
AI,0.14904618348597864,44189.600000000035,120
AI,0.0390582213452797,13393.400000000023,120
AI,0.16780703443415423,109504.15000000002,120
